{
    "root_group": {
        "name": "",
        "path": "",
        "id": "d41d8cd98f00b204e9800998ecf8427e",
        "groups": {},
        "checks": {}
    },
    "metrics": {
        "iterations": {
            "count": 119364,
            "rate": 11935.72563150182
        },
        "http_req_duration": {
            "avg": 0.82235363258604,
            "min": 0.1,
            "med": 0.682,
            "max": 14.781,
            "p(90)": 1.328,
            "p(99)": 2.426,
            "p(50)": 0.682
        },
        "http_reqs": {
            "count": 119364,
            "rate": 11935.72563150182
        },
        "http_req_receiving": {
            "p(50)": 0.007,
            "avg": 0.009086030964101334,
            "min": 0.004,
            "med": 0.007,
            "max": 4.519,
            "p(90)": 0.013,
            "p(99)": 0.036
        },
        "data_sent": {
            "count": 10026576,
            "rate": 1002600.953046153
        },
        "http_req_failed": {
            "passes": 0,
            "fails": 119364,
            "value": 0
        },
        "iteration_duration": {
            "max": 17.157583,
            "p(90)": 1.3402377,
            "p(99)": 2.449845329999999,
            "p(50)": 0.693375,
            "avg": 0.8351209464997852,
            "min": 0.112,
            "med": 0.693375
        },
        "vus_max": {
            "value": 10,
            "min": 10,
            "max": 10
        },
        "http_req_sending": {
            "p(50)": 0.002,
            "avg": 0.0023749623001931477,
            "min": 0.001,
            "med": 0.002,
            "max": 3.604,
            "p(90)": 0.003,
            "p(99)": 0.011
        },
        "http_req_connecting": {
            "p(99)": 0,
            "p(50)": 0,
            "avg": 0.000041419523474414394,
            "min": 0,
            "med": 0,
            "max": 0.569,
            "p(90)": 0
        },
        "http_req_duration{expected_response:true}": {
            "p(90)": 1.328,
            "p(99)": 2.426,
            "p(50)": 0.682,
            "avg": 0.82235363258604,
            "min": 0.1,
            "med": 0.682,
            "max": 14.781
        },
        "data_received": {
            "count": 27453720,
            "rate": 2745216.895245419
        },
        "http_req_blocked": {
            "p(90)": 0.001,
            "p(99)": 0.003,
            "p(50)": 0,
            "avg": 0.0006472303206997633,
            "min": 0,
            "med": 0,
            "max": 1.504
        },
        "vus": {
            "value": 10,
            "min": 10,
            "max": 10
        },
        "http_req_waiting": {
            "p(50)": 0.672,
            "avg": 0.8108926393217409,
            "min": 0.085,
            "med": 0.672,
            "max": 14.617,
            "p(90)": 1.316,
            "p(99)": 2.398
        },
        "http_req_tls_handshaking": {
            "avg": 0,
            "min": 0,
            "med": 0,
            "max": 0,
            "p(90)": 0,
            "p(99)": 0,
            "p(50)": 0
        }
    }
}